Y_dimension(mm),Button,True_depth(m),meas
72.503,0.0,213.06436093750003,2.551575e-05
72.503,0.0,213.06436093750003,-3.578316e-06
72.503,0.0,213.06436093750003,-2.599045e-06
72.503,0.0,213.06421200036496,-1.991502e-06
72.503,0.0,213.06403050181652,-1.535736e-06
72.503,0.0,213.0637885950489,-1.18115e-06
72.503,0.0,213.0635295464175,-9.065116e-07
72.503,0.0,213.06323293960747,-6.892224e-07
72.503,0.0,213.0628797063741,-5.137699e-07
72.503,0.0,213.06250322649873,-3.843743e-07
72.503,0.0,213.0621091243261,-2.825691e-07
72.503,0.0,213.06166873291545,-2.035813e-07
72.503,0.0,213.06126148986849,-1.55298e-07
72.503,0.0,213.060820430028,-1.11846e-07
72.503,0.0,213.06042047713518,-7.252675e-08
72.503,0.0,213.0599855354169,-4.620233e-08
72.503,0.0,213.05958691173004,-2.667366e-08
72.503,0.0,213.05914874192152,-1.445005e-08
72.503,0.0,213.058737098912,-4.365575e-10
72.503,0.0,213.05829442582598,1.059379e-08
72.503,0.0,213.05787281512977,1.123408e-08
72.503,0.0,213.05745841300347,1.638546e-08
72.503,0.0,213.0570598262967,1.999433e-08
72.503,0.0,213.056633539885,2.421439e-08
72.503,0.0,213.0561996100531,2.460729e-08
72.503,0.0,213.05578028872392,2.383604e-08
72.503,0.0,213.05533941607757,2.628076e-08
72.503,0.0,213.05494312874097,2.440356e-08
72.503,0.0,213.05453196630262,2.290471e-08
72.503,0.0,213.05413264612014,2.741581e-08
72.503,0.0,213.0537226738624,3.330933e-08
72.503,0.0,213.0533018396149,3.215973e-08
72.503,0.0,213.05286767305572,2.945308e-08
72.503,0.0,213.0524747711648,3.127207e-08
72.503,0.0,213.0520731352696,3.012246e-08
72.503,0.0,213.05164459324263,3.223249e-08
72.503,0.0,213.0512339061814,2.954039e-08
72.503,0.0,213.050820785083,3.217428e-08
72.503,0.0,213.05038663017353,3.614696e-08
72.503,0.0,213.04998707677146,3.266905e-08
72.503,0.0,213.0495496662568,3.507012e-08
72.503,0.0,213.0491307612516,4.356843e-08
72.503,0.0,213.04871432831013,5.436596e-08
72.503,0.0,213.04828411143637,5.275069e-08
72.503,0.0,213.04785653244065,5.186303e-08
72.503,0.0,213.04742311351913,5.913898e-08
72.503,0.0,213.04702742351049,6.91216e-08
72.503,0.0,213.04659744411012,7.160997e-08
72.503,0.0,213.0461904041807,8.460484e-08
72.503,0.0,213.04576565230334,1.089065e-07
72.503,0.0,213.0453318799226,1.297449e-07
72.503,0.0,213.04493341121693,1.461012e-07
72.503,0.0,213.04450364595675,1.741282e-07
72.503,0.0,213.0441138969587,1.955777e-07
72.503,0.0,213.04368519077812,1.883891e-07
72.503,0.0,213.04325903005105,2.031447e-07
72.503,0.0,213.04286344832354,2.144952e-07
72.503,0.0,213.04242502607346,2.082525e-07
72.503,0.0,213.04203085744558,1.914887e-07
72.503,0.0,213.04163381439585,2.017769e-07
72.503,0.0,213.04119222517912,1.855806e-07
72.503,0.0,213.04077109364965,1.33572e-07
72.503,0.0,213.0403383592361,9.861833e-08
72.503,0.0,213.03993803146582,7.163908e-08
72.503,0.0,213.03952858336143,5.867332e-08
72.503,0.0,213.03910524027975,6.826303e-08
72.503,0.0,213.03867598606277,6.996561e-08
72.503,0.0,213.0382508003334,6.312621e-08
72.503,0.0,213.0378131170715,5.497714e-08
72.503,0.0,213.03740765730765,4.858884e-08
72.503,0.0,213.03697395839424,4.173489e-08
72.503,0.0,213.03657734447253,3.675814e-08
72.503,0.0,213.03614455055407,3.392051e-08
72.503,0.0,213.0357313409401,3.236346e-08
72.503,0.0,213.0352864242054,3.115565e-08
72.503,0.0,213.03487650985744,3.03553e-08
72.503,0.0,213.03447840165234,3.201421e-08
72.503,0.0,213.03408417127795,3.528839e-08
72.503,0.0,213.03364991105732,3.958121e-08
72.503,0.0,213.0332394931825,4.14002e-08
72.503,0.0,213.0328333666886,4.719186e-08
72.503,0.0,213.03240233158306,5.400216e-08
72.503,0.0,213.03200152522973,5.627226e-08
72.503,0.0,213.03159236969617,5.673792e-08
72.503,0.0,213.03115961618622,5.520997e-08
72.503,0.0,213.030750656822,6.30971e-08
72.503,0.0,213.03032316080152,7.341441e-08
72.503,0.0,213.0299169696165,6.711343e-08
72.503,0.0,213.02947986535486,6.686605e-08
72.503,0.0,213.02907936725694,6.365008e-08
72.503,0.0,213.02864795607042,6.023038e-08
72.503,0.0,213.0282217627388,6.555638e-08
72.503,0.0,213.0277979985736,7.227936e-08
72.503,0.0,213.02735479432923,8.81555e-08
72.503,0.0,213.0269556724266,1.008157e-07
72.503,0.0,213.02654938899107,1.270819e-07
72.503,0.0,213.02612250934422,1.357694e-07
72.503,0.0,213.02571435736925,1.549342e-07
72.503,0.0,213.02527146533123,1.817243e-07
72.503,0.0,213.02486054418603,2.056622e-07
72.503,0.0,213.02446476923384,2.317684e-07
72.503,0.0,213.0240311180543,2.262386e-07
72.503,0.0,213.0236322569631,2.154848e-07
72.503,0.0,213.02321955488597,1.81346e-07
72.503,0.0,213.02280150225835,1.890585e-07
72.503,0.0,213.02236796076755,1.982262e-07
72.503,0.0,213.02196744418944,1.967855e-07
72.503,0.0,213.02154398760788,2.016604e-07
72.503,0.0,213.02114046410412,2.112356e-07
72.503,0.0,213.02071964764258,2.385204e-07
72.503,0.0,213.02029498946646,2.718007e-07
72.503,0.0,213.01988658593845,2.860324e-07
72.503,0.0,213.01945321323916,2.775487e-07
72.503,0.0,213.01904636596743,2.320885e-07
72.503,0.0,213.01862017396937,2.404413e-07
72.503,0.0,213.01818767816638,2.705492e-07
72.503,0.0,213.01777051153397,2.888264e-07
72.503,0.0,213.01732740463544,2.810411e-07
72.503,0.0,213.01692235854432,2.608722e-07
72.503,0.0,213.01651158182048,2.657762e-07
72.503,0.0,213.01609825628913,2.530287e-07
72.503,0.0,213.01566401601679,2.328889e-07
72.503,0.0,213.01524803041855,2.278248e-07
72.503,0.0,213.01483566263687,2.173765e-07
72.503,0.0,213.01439968603063,2.150919e-07
72.503,0.0,213.01401087797595,2.462766e-07
72.503,0.0,213.0136150179143,2.411689e-07
72.503,0.0,213.0131738075763,2.177694e-07
72.503,0.0,213.01276373722808,2.546731e-07
72.503,0.0,213.01235176960125,2.863089e-07
72.503,0.0,213.01192791101136,2.413144e-07
72.503,0.0,213.01151934590186,2.80168e-07
72.503,0.0,213.01113288601158,2.915331e-07
72.503,0.0,213.01068760813632,2.711895e-07
72.503,0.0,213.01027769542804,2.63768e-07
72.503,0.0,213.00983534180526,2.419547e-07
72.503,0.0,213.00943191307826,2.362358e-07
72.503,0.0,213.00899631081546,2.596644e-07
72.503,0.0,213.0086015785267,2.586457e-07
72.503,0.0,213.00816309357583,2.342858e-07
72.503,0.0,213.00773900536078,3.055175e-07
72.503,0.0,213.0073124307774,4.331378e-07
72.503,0.0,213.00690827758064,5.696784e-07
72.503,0.0,213.00647403198752,6.970076e-07
72.503,0.0,213.0060766657185,7.408235e-07
72.503,0.0,213.00564307341526,8.550851e-07
72.503,0.0,213.00523005587735,1.029766e-06
72.503,0.0,213.0047912095654,1.071094e-06
72.503,0.0,213.0043849499138,9.867072e-07
72.503,0.0,213.00398720406994,8.737406e-07
72.503,0.0,213.00355095131133,7.144845e-07
72.503,0.0,213.0031485169575,7.0034e-07
72.503,0.0,213.0027414238658,8.662464e-07
72.503,0.0,213.00230024960862,1.080392e-06
72.503,0.0,213.0018941777558,1.305947e-06
72.503,0.0,213.0014964215253,1.239707e-06
72.503,0.0,213.00106099101805,1.1144e-06
72.503,0.0,213.0006554816778,1.062363e-06
72.503,0.0,213.00023180221618,1.15564e-06
72.503,0.0,212.99980293555498,1.308945e-06
72.503,0.0,212.9993644516666,1.093096e-06
72.503,0.0,212.99896945411612,9.756623e-07
72.503,0.0,212.99853555028454,7.581402e-07
72.503,0.0,212.99813230073983,7.954513e-07
72.503,0.0,212.99769966845165,7.694325e-07
72.503,0.0,212.99727775839767,7.227645e-07
72.503,0.0,212.99685785039657,5.733309e-07
72.503,0.0,212.9964408433612,5.251932e-07
72.503,0.0,212.99601980096762,5.12664e-07
72.503,0.0,212.99561609163334,4.580797e-07
72.503,0.0,212.99518095177362,3.665482e-07
72.503,0.0,212.99475992478853,2.925517e-07
72.503,0.0,212.99435047919866,2.679008e-07
72.503,0.0,212.99395252011246,2.068846e-07
72.503,0.0,212.99351635678076,1.462613e-07
72.503,0.0,212.9931210310182,1.145381e-07
72.503,0.0,212.9926977522253,9.858923e-08
72.503,0.0,212.99227620925757,8.313509e-08
72.503,0.0,212.9918645874881,6.105984e-08
72.503,0.0,212.99146625458633,5.816401e-08
72.503,0.0,212.99106045027986,5.160109e-08
72.503,0.0,212.99062777262768,4.410686e-08
72.503,0.0,212.99021573553142,3.223249e-08
72.503,0.0,212.98979506353183,2.929301e-08
72.503,0.0,212.9893635682825,3.197056e-08
72.503,0.0,212.98893218162027,3.00206e-08
72.503,0.0,212.98850102288804,2.92639e-08
72.503,0.0,212.9881044534786,2.895831e-08
72.503,0.0,212.98767468966724,3.630703e-08
72.503,0.0,212.98725733651705,4.06144e-08
72.503,0.0,212.9868428924424,4.10364e-08
72.503,0.0,212.98640720938963,4.74538e-08
72.503,0.0,212.98599995084788,4.855974e-08
72.503,0.0,212.98557452541402,6.330083e-08
72.503,0.0,212.9851701383105,7.821654e-08
72.503,0.0,212.9847304426058,1.060253e-07
72.503,0.0,212.98432119125462,1.316512e-07
72.503,0.0,212.98392043177714,1.886365e-07
72.503,0.0,212.9834929796351,2.294692e-07
72.503,0.0,212.98310107784272,3.870227e-07
72.503,0.0,212.9826673378281,6.016344e-07
72.503,0.0,212.98225284283532,7.572526e-07
72.503,0.0,212.98184595936584,9.033247e-07
72.503,0.0,212.9814098240328,9.207579e-07
72.503,0.0,212.9810130095127,1.03972e-06
72.503,0.0,212.9805771694575,1.350447e-06
72.503,0.0,212.98017295789003,1.692271e-06
72.503,0.0,212.9797559077443,1.786495e-06
72.503,0.0,212.9793264188955,1.792272e-06
72.503,0.0,212.978891851233,1.713153e-06
72.503,0.0,212.97847721492684,1.571316e-06
72.503,0.0,212.97806640224348,1.522494e-06
72.503,0.0,212.97763517601553,1.320397e-06
72.503,0.0,212.97721971030484,1.236243e-06
72.503,0.0,212.9768027143467,1.69166e-06
72.503,0.0,212.97636984738156,1.812659e-06
72.503,0.0,212.97597222005484,1.547029e-06
72.503,0.0,212.9755363831234,1.248394e-06
72.503,0.0,212.97513983384235,1.240027e-06
72.503,0.0,212.9747085191369,1.305612e-06
72.503,0.0,212.97428799389002,1.205277e-06
72.503,0.0,212.97388117811343,1.046108e-06
72.503,0.0,212.97346559342162,9.652722e-07
72.503,0.0,212.97305176849932,1.042616e-06
72.503,0.0,212.97264956518043,9.589276e-07
72.503,0.0,212.97223091655704,8.135103e-07
72.503,0.0,212.9717941298368,5.860493e-07
72.503,0.0,212.97139250828965,4.796893e-07
72.503,0.0,212.970984385159,3.933528e-07
72.503,0.0,212.97056860202704,3.614114e-07
72.503,0.0,212.97016176736327,5.07338e-07
72.503,0.0,212.96971844262873,5.560578e-07
72.503,0.0,212.96930625024436,6.509508e-07
72.503,0.0,212.96886429167492,6.57019e-07
72.503,0.0,212.96846773747413,7.089111e-07
72.503,0.0,212.96802230889756,8.050411e-07
72.503,0.0,212.96760282023982,9.557698e-07
72.503,0.0,212.96719570611515,1.139299e-06
72.503,0.0,212.9667760339101,1.306165e-06
72.503,0.0,212.96634170000536,1.226101e-06
72.503,0.0,212.96594023794603,1.048145e-06
72.503,0.0,212.96553190031344,1.063599e-06
72.503,0.0,212.96511006619744,1.214168e-06
72.503,0.0,212.96467913500706,1.367385e-06
72.503,0.0,212.96425204387705,1.467168e-06
72.503,0.0,212.96384971739013,1.567401e-06
72.503,0.0,212.9634536812665,1.528402e-06
72.503,0.0,212.96301818795166,1.507782e-06
72.503,0.0,212.96262152996914,1.561188e-06
72.503,0.0,212.9621903888184,1.656314e-06
72.503,0.0,212.9617694389503,1.561377e-06
72.503,0.0,212.9613644372432,1.601409e-06
72.503,0.0,212.96094446909578,1.678491e-06
72.503,0.0,212.9605378666272,1.773398e-06
72.503,0.0,212.9601055953989,1.895634e-06
72.503,0.0,212.95969597648426,1.85924e-06
72.503,0.0,212.95927460734507,1.899738e-06
72.503,0.0,212.9588423513063,1.716704e-06
72.503,0.0,212.958416637308,1.636814e-06
72.503,0.0,212.95800964727474,1.717795e-06
72.503,0.0,212.95757195999138,1.818873e-06
72.503,0.0,212.95716705044904,1.700362e-06
72.503,0.0,212.95674108015106,1.657041e-06
72.503,0.0,212.95630931630356,1.678331e-06
72.503,0.0,212.95587523636436,1.868073e-06
72.503,0.0,212.95547867816416,1.773675e-06
72.503,0.0,212.9550795197647,1.653199e-06
72.503,0.0,212.9546492286871,1.624183e-06
72.503,0.0,212.95424015567139,1.822424e-06
72.503,0.0,212.9538280242965,1.953755e-06
72.503,0.0,212.9533906048465,1.894572e-06
72.503,0.0,212.9529955559841,1.680688e-06
72.503,0.0,212.95260204382143,1.726527e-06
72.503,0.0,212.95216587447263,1.791501e-06
72.503,0.0,212.95174793325842,1.910696e-06
72.503,0.0,212.95133651882549,1.959124e-06
72.503,0.0,212.95090528951212,1.869426e-06
72.503,0.0,212.95049813799463,1.85355e-06
72.503,0.0,212.95009933857008,1.710752e-06
72.503,0.0,212.9496695266227,1.520617e-06
72.503,0.0,212.94923628586596,1.406108e-06
72.503,0.0,212.94880919132333,1.52229e-06
72.503,0.0,212.94840187025125,1.663735e-06
72.503,0.0,212.94796546376546,1.652574e-06
72.503,0.0,212.94756834286383,1.77951e-06
72.503,0.0,212.94713599585845,1.867651e-06
72.503,0.0,212.94671323296564,1.655877e-06
72.503,0.0,212.94628123537296,1.46938e-06
72.503,0.0,212.94586978607026,1.44259e-06
72.503,0.0,212.9454433442137,1.68143e-06
72.503,0.0,212.94503699068903,1.490553e-06
72.503,0.0,212.94461486760707,1.553184e-06
72.503,0.0,212.9442051321711,1.535271e-06
72.503,0.0,212.94379458224327,1.732653e-06
72.503,0.0,212.94338909689085,1.754102e-06
72.503,0.0,212.94295185326794,1.909983e-06
72.503,0.0,212.9425625949591,1.946493e-06
72.503,0.0,212.94213378970866,1.895402e-06
72.503,0.0,212.94172431823867,1.824112e-06
72.503,0.0,212.9413088812401,1.7899e-06
72.503,0.0,212.94085545279302,1.816181e-06
72.503,0.0,212.94045310197006,1.785622e-06
72.503,0.0,212.94004131268383,1.658831e-06
72.503,0.0,212.93964358685363,1.642256e-06
72.503,0.0,212.93919901342804,1.692722e-06
72.503,0.0,212.9387892640365,1.738139e-06
72.503,0.0,212.93834843794477,1.61014e-06
72.503,0.0,212.93792380297123,1.454187e-06
72.503,0.0,212.93750781402423,1.163484e-06
72.503,0.0,212.93711761327907,1.081396e-06
72.503,0.0,212.93668407652402,1.286346e-06
72.503,0.0,212.9362519515447,1.296372e-06
72.503,0.0,212.93582259874455,1.270353e-06
72.503,0.0,212.9354211297842,1.145934e-06
72.503,0.0,212.93500322803789,1.053108e-06
72.503,0.0,212.93458923903535,9.148498e-07
72.503,0.0,212.9341811453127,8.957722e-07
72.503,0.0,212.93375883611083,8.495554e-07
72.503,0.0,212.9333333437738,7.928465e-07
72.503,0.0,212.93293057105922,8.377392e-07
72.503,0.0,212.93253600339588,8.625648e-07
72.503,0.0,212.93210257355824,8.696807e-07
72.503,0.0,212.93169456122789,9.122887e-07
72.503,0.0,212.93128793006096,1.046894e-06
72.503,0.0,212.9308424800783,1.23991e-06
72.503,0.0,212.93046044939453,1.572305e-06
72.503,0.0,212.93002295101394,1.392429e-06
72.503,0.0,212.92959214287924,1.305089e-06
72.503,0.0,212.92918680403554,1.238659e-06
72.503,0.0,212.92876391001627,1.355467e-06
72.503,0.0,212.92833216245532,1.508306e-06
72.503,0.0,212.9279016099607,1.388631e-06
72.503,0.0,212.92749264749122,1.213266e-06
72.503,0.0,212.92706411816013,1.086053e-06
72.503,0.0,212.92664410993189,1.164226e-06
72.503,0.0,212.92622755215945,1.19269e-06
72.503,0.0,212.92579833718926,1.195833e-06
72.503,0.0,212.92538945993235,1.033215e-06
72.503,0.0,212.9249905502663,9.092182e-07
72.503,0.0,212.9245563769986,8.166826e-07
72.503,0.0,212.92415304676592,7.794588e-07
72.503,0.0,212.92374111423905,7.855997e-07
72.503,0.0,212.92332513484524,8.326897e-07
72.503,0.0,212.92289176698998,9.112991e-07
72.503,0.0,212.92250205250707,1.055145e-06
72.503,0.0,212.92207058722596,9.921205e-07
72.503,0.0,212.9216645878765,1.057066e-06
72.503,0.0,212.92124429841948,1.060645e-06
72.503,0.0,212.92081660147537,1.041757e-06
72.503,0.0,212.9203806579521,1.091437e-06
72.503,0.0,212.919985344642,1.093314e-06
72.503,0.0,212.91958521700272,1.06293e-06
72.503,0.0,212.91915123693533,9.517535e-07
72.503,0.0,212.91872044366963,1.002118e-06
72.503,0.0,212.91829472417157,1.005115e-06
72.503,0.0,212.91788565397565,8.801289e-07
72.503,0.0,212.9174516977688,9.005307e-07
72.503,0.0,212.91705742294937,9.102951e-07
72.503,0.0,212.9166219922047,7.695344e-07
72.503,0.0,212.91618985920246,7.162453e-07
72.503,0.0,212.91576931082287,7.034978e-07
72.503,0.0,212.9153398533154,6.132177e-07
72.503,0.0,212.91494046332556,5.128386e-07
72.503,0.0,212.91454547113065,4.472677e-07
72.503,0.0,212.91411020000214,4.064641e-07
72.503,0.0,212.91370275453588,3.779569e-07
72.503,0.0,212.91329463930248,3.475434e-07
72.503,0.0,212.9128545234116,2.814631e-07
72.503,0.0,212.91245524596337,2.208399e-07
72.503,0.0,212.91205648890056,1.871813e-07
72.503,0.0,212.91165481437383,1.431181e-07
72.503,0.0,212.91121260964871,1.109438e-07
72.503,0.0,212.91079105487776,1.063454e-07
72.503,0.0,212.9103620115957,1.13796e-07
72.503,0.0,212.9099649131364,1.158041e-07
72.503,0.0,212.90953125983185,1.038134e-07
72.503,0.0,212.90913169168684,9.223004e-08
72.503,0.0,212.9087021556682,8.424104e-08
72.503,0.0,212.90826963880443,7.972994e-08
72.503,0.0,212.907841548177,8.416828e-08
72.503,0.0,212.90741075750816,9.438372e-08
72.503,0.0,212.90700649566745,1.248554e-07
72.503,0.0,212.90660756078734,1.701119e-07
72.503,0.0,212.9061714236556,2.279558e-07
72.503,0.0,212.90575239217318,2.502784e-07
72.503,0.0,212.9053384008831,2.489833e-07
72.503,0.0,212.90490622536245,2.582674e-07
72.503,0.0,212.9045012243666,2.894812e-07
72.503,0.0,212.9040882232905,3.469322e-07
72.503,0.0,212.9036788907859,4.355388e-07
72.503,0.0,212.90325834676662,5.539041e-07
72.503,0.0,212.90283059475814,7.461495e-07
72.503,0.0,212.9024330762485,8.920906e-07
72.503,0.0,212.90202267382887,1.008011e-06
72.503,0.0,212.90158768071097,1.125401e-06
72.503,0.0,212.9011896310105,1.149107e-06
72.503,0.0,212.90076637312464,1.264722e-06
72.503,0.0,212.9003362567869,1.319844e-06
72.503,0.0,212.8999031314055,1.390697e-06
72.503,0.0,212.89950630468772,1.308683e-06
72.503,0.0,212.8991101349882,1.227614e-06
72.503,0.0,212.89866665242715,1.344335e-06
72.503,0.0,212.89823935203023,1.245979e-06
72.503,0.0,212.89780842056115,1.101536e-06
72.503,0.0,212.89735500993524,1.062697e-06
72.503,0.0,212.8969791305253,9.519863e-07
72.503,0.0,212.8965310704666,9.340438e-07
72.503,0.0,212.89614500333596,9.32283e-07
72.503,0.0,212.8957114067446,8.978823e-07
72.503,0.0,212.895288364109,9.070645e-07
72.503,0.0,212.8948807877068,9.253563e-07
72.503,0.0,212.89445914654777,9.012874e-07
72.503,0.0,212.89404589818602,7.631024e-07
72.503,0.0,212.89364499943414,8.251227e-07
72.503,0.0,212.89323778895752,8.276984e-07
72.503,0.0,212.89279471860434,7.942435e-07
72.503,0.0,212.89236815139773,8.339412e-07
72.503,0.0,212.89199679118957,8.164643e-07
72.503,0.0,212.89156466608148,8.245115e-07
72.503,0.0,212.89116371754625,7.922499e-07
72.503,0.0,212.8907426416528,7.517083e-07
72.503,0.0,212.89031724892376,6.771879e-07
72.503,0.0,212.88987984376087,6.524933e-07
72.503,0.0,212.8894832720416,6.463815e-07
72.503,0.0,212.8890459795753,6.068731e-07
72.503,0.0,212.88864476859482,4.846661e-07
72.503,0.0,212.8882016735687,4.678732e-07
72.503,0.0,212.88779095347107,4.674803e-07
72.503,0.0,212.8873460606085,5.060283e-07
72.503,0.0,212.88695233799086,5.17015e-07
72.503,0.0,212.8865075760582,4.098401e-07
72.503,0.0,212.88612191699391,3.851019e-07
72.503,0.0,212.8856882859174,3.624446e-07
72.503,0.0,212.88526885467593,4.089816e-07
72.503,0.0,212.88486207029416,4.384347e-07
72.503,0.0,212.8844303565832,4.608592e-07
72.503,0.0,212.88403723405276,3.855093e-07
72.503,0.0,212.8836034575031,3.890018e-07
72.503,0.0,212.88320120012517,4.531175e-07
72.503,0.0,212.8827838334324,6.699556e-07
72.503,0.0,212.882353266492,8.887146e-07
72.503,0.0,212.88196195850293,1.13275e-06
72.503,0.0,212.8815597249842,1.080611e-06
72.503,0.0,212.88113697252572,1.171196e-06
72.503,0.0,212.88070304395015,1.33022e-06
72.503,0.0,212.88028461471015,1.329943e-06
72.503,0.0,212.87984511304785,1.324137e-06
72.503,0.0,212.8794497058325,1.221313e-06
72.503,0.0,212.87902297416335,1.345004e-06
72.503,0.0,212.87858954901557,1.297711e-06
72.503,0.0,212.8781809538657,1.406894e-06
72.503,0.0,212.8777549395771,1.56094e-06
72.503,0.0,212.87731179262735,1.45605e-06
72.503,0.0,212.87691901956637,1.739507e-06
72.503,0.0,212.87647395617532,2.010318e-06
72.503,0.0,212.87608721692314,2.100787e-06
72.503,0.0,212.87565173435843,2.22816e-06
72.503,0.0,212.87523546483285,2.139597e-06
72.503,0.0,212.87481817356965,2.083078e-06
72.503,0.0,212.87438272380882,2.376299e-06
72.503,0.0,212.8739901032224,1.923647e-06
72.503,0.0,212.87359627579502,1.657158e-06
72.503,0.0,212.87316342932158,1.50477e-06
72.503,0.0,212.87274706954022,1.143606e-06
72.503,0.0,212.872339125694,1.097156e-06
72.503,0.0,212.87191050206263,1.156557e-06
72.503,0.0,212.87150237965648,1.175664e-06
72.503,0.0,212.87110624530203,9.293872e-07
72.503,0.0,212.87067081209145,7.198978e-07
72.503,0.0,212.8702460225052,7.289491e-07
72.503,0.0,212.86983910986982,8.404459e-07
72.503,0.0,212.86940399470612,9.899522e-07
72.503,0.0,212.86899528358433,9.303913e-07
72.503,0.0,212.86857244299102,8.711067e-07
72.503,0.0,212.86814135269864,8.599454e-07
72.503,0.0,212.8677297327183,8.489878e-07
72.503,0.0,212.86731223619532,9.487703e-07
72.503,0.0,212.86688248227924,9.147916e-07
72.503,0.0,212.86644223487824,8.191273e-07
72.503,0.0,212.86605548775165,8.526549e-07
72.503,0.0,212.86562348914563,1.049862e-06
72.503,0.0,212.86520190910437,1.193795e-06
72.503,0.0,212.86479625481843,1.438282e-06
72.503,0.0,212.86436274615806,1.657289e-06
72.503,0.0,212.86397843999424,1.867927e-06
72.503,0.0,212.86354168597336,1.973356e-06
72.503,0.0,212.863143549953,2.050627e-06
72.503,1.0,212.86271247726594,1.811146e-06
72.503,1.0,212.86228844229925,1.763692e-06
72.503,1.0,212.86188171044085,1.988054e-06
72.503,1.0,212.86148578056063,2.082088e-06
72.503,1.0,212.86104954761743,2.178364e-06
72.503,1.0,212.8606497088201,2.14082e-06
72.503,1.0,212.860211683535,2.07666e-06
72.503,1.0,212.85979926054225,1.935608e-06
72.503,1.0,212.85939148490954,1.793989e-06
72.503,1.0,212.85895635433337,1.6087e-06
72.503,1.0,212.858525692394,1.294422e-06
72.503,1.0,212.85812516934658,1.367967e-06
72.503,1.0,212.8576937681135,1.748136e-06
72.503,1.0,212.85726712608042,1.883862e-06
72.503,1.0,212.8568305936553,1.853972e-06
72.503,1.0,212.85642969545182,1.890498e-06
72.503,1.0,212.85598948029153,1.686174e-06
72.503,1.0,212.8556029784673,1.602748e-06
72.503,1.0,212.8551679486635,1.602675e-06
72.503,1.0,212.85475249274322,1.648106e-06
72.503,1.0,212.85434522711614,1.84738e-06
72.503,1.0,212.85392835341543,1.854176e-06
72.503,1.0,212.85352377479754,1.879642e-06
72.503,1.0,212.85312196874358,1.942724e-06
72.503,1.0,212.85268484124526,1.857261e-06
72.503,1.0,212.8522878808955,1.718305e-06
72.503,1.0,212.85185443177426,1.591063e-06
72.503,1.0,212.8514561937755,1.585096e-06
72.503,1.0,212.8510523322008,1.574139e-06
72.503,1.0,212.85062474968424,1.470238e-06
72.503,1.0,212.85021223919566,1.048422e-06
72.503,1.0,212.84977049983635,9.489158e-07
72.503,1.0,212.8493280673417,1.057691e-06
72.503,1.0,212.8489262193197,1.186505e-06
72.503,1.0,212.84850170461604,1.105451e-06
72.503,1.0,212.8480966514181,6.523042e-07
72.503,1.0,212.8476649129789,1.84591e-07
72.503,1.0,212.84724288417698,6.091432e-08
72.503,1.0,212.84680421858798,1.121516e-07
72.503,1.0,212.84640044682126,1.63418e-08
72.503,1.0,212.84599379404338,1.78552e-08
72.503,1.0,212.8455679034507,1.865556e-08
72.503,1.0,212.8451647352368,6.11908e-08
72.503,1.0,212.84472234724896,1.40164e-07
72.503,1.0,212.84431043822897,1.598528e-07
72.503,1.0,212.8439055630104,1.653098e-07
72.503,1.0,212.8434788146711,1.34678e-07
72.503,1.0,212.84307173760283,1.251756e-07
72.503,1.0,212.8426705636503,1.761946e-07
72.503,1.0,212.84224609470462,3.945897e-07
72.503,1.0,212.84181982191396,1.035965e-06
72.503,1.0,212.84141618477224,1.454333e-06
72.503,1.0,212.84100721921942,1.527544e-06
72.503,1.0,212.84059155789342,1.521345e-06
72.503,1.0,212.84015516114513,1.301538e-06
72.503,1.0,212.83973742947222,1.657652e-06
72.503,1.0,212.8393200476793,1.829932e-06
72.503,1.0,212.838884019327,1.770561e-06
72.503,1.0,212.8384590858689,1.211767e-06
72.503,1.0,212.838058028628,1.177512e-06
72.503,1.0,212.83762263953798,1.515626e-06
72.503,1.0,212.83720887864385,1.247085e-06
72.503,1.0,212.83678854031407,1.242006e-06
72.503,1.0,212.8363540246479,1.291919e-06
72.503,1.0,212.83595501785754,9.690266e-07
72.503,1.0,212.8355252050089,9.467622e-07
72.503,1.0,212.8351099771001,1.262568e-06
72.503,1.0,212.83469564537907,1.561435e-06
72.503,1.0,212.83427627265746,1.641776e-06
72.503,1.0,212.8338760946021,1.540451e-06
72.503,0.0,212.8334479384686,1.00219e-06
72.503,0.0,212.83305670304367,1.163498e-06
72.503,0.0,212.83262177861351,1.249064e-06
72.503,0.0,212.83220963429,9.701471e-07
72.503,0.0,212.83180253003712,9.838695e-07
72.503,0.0,212.83136320779883,1.116918e-06
72.503,0.0,212.83096833130782,1.004184e-06
72.503,0.0,212.8305724165977,1.091248e-06
72.503,0.0,212.83014062857694,1.25925e-06
72.503,0.0,212.82970742829255,1.546126e-06
72.503,0.0,212.82926600015472,1.805543e-06
72.503,0.0,212.82885467903708,1.873123e-06
72.503,0.0,212.82845665553077,1.455934e-06
72.503,0.0,212.82802009763273,1.572756e-06
72.503,0.0,212.82758718749173,1.583292e-06
72.503,0.0,212.8271795374362,1.664521e-06
72.503,0.0,212.82675310562726,2.309185e-06
72.503,0.0,212.82632491898067,2.116518e-06
72.503,0.0,212.82592566727834,1.943772e-06
72.503,0.0,212.82549231897477,2.733796e-06
72.503,0.0,212.82509672236776,2.84343e-06
72.503,0.0,212.82468892186137,2.563975e-06
72.503,0.0,212.82425465619244,2.976769e-06
72.503,0.0,212.82383560662353,2.317815e-06
72.503,0.0,212.8234337021841,2.045941e-06
72.503,0.0,212.82300117022794,2.395405e-06
72.503,0.0,212.82260422922602,2.426968e-06
72.503,0.0,212.82219748613645,1.780238e-06
72.503,0.0,212.8217527526388,1.77008e-06
72.503,0.0,212.8213410346471,1.469016e-06
72.503,0.0,212.82094091911168,1.168388e-06
72.503,0.0,212.82050771704377,1.030799e-06
72.503,0.0,212.82010830803338,9.982468e-07
72.503,0.0,212.81967622706452,8.952047e-07
72.503,0.0,212.8192582628232,8.857751e-07
72.503,0.0,212.8188157601663,9.16014e-07
72.503,0.0,212.81841259290474,1.082357e-06
72.503,0.0,212.8179800961751,1.043212e-06
72.503,0.0,212.81757761617357,1.028428e-06
72.503,0.0,212.8171392512627,1.079025e-06
72.503,0.0,212.8167356893067,8.672941e-07
72.503,0.0,212.81629488798535,8.610077e-07
72.503,0.0,212.8158554766274,8.668867e-07
72.503,0.0,212.8154573639701,1.050881e-06
72.503,0.0,212.81506304523856,8.594507e-07
72.503,0.0,212.81462881599018,8.698989e-07
72.503,0.0,212.8142159280357,1.201421e-06
72.503,0.0,212.81380952107537,1.220455e-06
72.503,0.0,212.81336972214706,1.062086e-06
72.503,0.0,212.81297208764624,1.149223e-06
72.503,0.0,212.81257858941544,1.267676e-06
72.503,0.0,212.8121592636109,1.46516e-06
72.503,0.0,212.81172929983623,1.556444e-06
72.503,0.0,212.81132112048977,1.303968e-06
72.503,0.0,212.8109183917426,1.337161e-06
72.503,0.0,212.81048482896418,1.641369e-06
72.503,0.0,212.81008815630256,1.787994e-06
72.503,0.0,212.80964943729808,1.791923e-06
72.503,0.0,212.80922007736893,1.824854e-06
72.503,0.0,212.80879467734982,1.844324e-06
72.503,0.0,212.8083863155697,1.748209e-06
72.503,0.0,212.8079431245879,2.062661e-06
72.503,0.0,212.80752447125758,1.995344e-06
72.503,0.0,212.80711502842416,1.671913e-06
72.503,0.0,212.80669797969685,1.633947e-06
72.503,0.0,212.8062751819529,1.811612e-06
72.503,0.0,212.8058642251648,2.093555e-06
72.503,0.0,212.8054300043881,2.295899e-06
72.503,0.0,212.80503376932327,2.500004e-06
72.503,0.0,212.8045994062316,2.025496e-06
72.503,0.0,212.8041873824552,1.937689e-06
72.503,0.0,212.8037812280456,2.021552e-06
72.503,0.0,212.8033425604193,2.200293e-06
72.503,0.0,212.8029408940119,2.413974e-06
72.503,0.0,212.80254413912718,1.780878e-06
72.503,0.0,212.8021389051019,1.254011e-06
72.503,0.0,212.80169832731667,1.124499e-06
72.503,0.0,212.80128679870342,1.571083e-06
72.503,0.0,212.80087919200423,1.829205e-06
72.503,0.0,212.80044697263938,1.900291e-06
72.503,0.0,212.80003599427985,1.658729e-06
72.503,0.0,212.7996161162886,1.444176e-06
72.503,0.0,212.7991928899801,1.5228e-06
72.503,0.0,212.79875896799678,1.928071e-06
72.503,0.0,212.79835507837834,1.952692e-06
72.503,0.0,212.79792097478247,1.878754e-06
72.503,0.0,212.79750615186268,1.682507e-06
72.503,0.0,212.79708976067164,1.889901e-06
72.503,0.0,212.79663599298615,2.102155e-06
72.503,0.0,212.7962353684238,1.768611e-06
72.503,0.0,212.79582019775714,1.336026e-06
72.503,0.0,212.79538573190587,1.221953e-06
72.503,0.0,212.79498351904297,1.59943e-06
72.503,0.0,212.79456665264294,1.907873e-06
72.503,0.0,212.7941623291205,1.849097e-06
72.503,0.0,212.79374335923123,1.683642e-06
72.503,0.0,212.7933337988815,1.535853e-06
72.503,0.0,212.79293476570717,1.828274e-06
72.503,0.0,212.7925015167826,1.869339e-06
72.503,0.0,212.7921029196409,1.993976e-06
72.503,0.0,212.79166536723494,1.65205e-06
72.503,0.0,212.79125729539183,1.55723e-06
72.503,0.0,212.79084517492768,1.707449e-06
72.503,0.0,212.7904131035715,1.735607e-06
72.503,0.0,212.79001377548315,1.565597e-06
72.503,0.0,212.7895800704653,1.4213e-06
72.503,0.0,212.7891747495499,1.952343e-06
72.503,0.0,212.7887303924547,1.90924e-06
72.503,0.0,212.7883126006247,2.038578e-06
72.503,0.0,212.7878745278529,1.721215e-06
72.503,0.0,212.78747588329122,1.658074e-06
72.503,0.0,212.78707448095363,1.722539e-06
72.503,0.0,212.78664134108513,1.653083e-06
72.503,0.0,212.78621519844052,1.624328e-06
72.503,0.0,212.78579257440643,1.332868e-06
72.503,0.0,212.78538494394897,1.442633e-06
72.503,0.0,212.7849522039618,1.447697e-06
72.503,0.0,212.784557758094,1.385211e-06
72.503,0.0,212.78415306603497,1.377892e-06
72.503,0.0,212.78372122726068,1.354434e-06
72.503,0.0,212.78329642588795,1.408553e-06
72.503,0.0,212.78289143271337,1.530148e-06
72.503,0.0,212.78244893597312,1.459426e-06
72.503,0.0,212.78205947053672,1.627763e-06
72.503,0.0,212.78166101014418,1.474618e-06
72.503,0.0,212.78124018137098,1.480279e-06
72.503,0.0,212.7808171641037,1.473847e-06
72.503,0.0,212.78038642026087,1.439548e-06
72.503,0.0,212.77997159915935,1.365508e-06
72.503,0.0,212.77955490678636,1.373774e-06
72.503,0.0,212.77912430521437,1.274428e-06
72.503,0.0,212.77869562076742,1.372551e-06
72.503,0.0,212.77827380107396,1.494394e-06
72.503,0.0,212.77784394747567,1.382141e-06
72.503,0.0,212.77744262270267,1.270644e-06
72.503,0.0,212.7770355719866,1.351364e-06
72.503,0.0,212.77661583561218,1.616732e-06
72.503,0.0,212.77617524564067,1.607754e-06
72.503,0.0,212.77575746980983,1.57686e-06
72.503,0.0,212.7753492877399,1.400243e-06
72.503,0.0,212.77491345119242,1.400462e-06
72.503,0.0,212.77452597818166,1.546316e-06
72.503,0.0,212.77409206409564,1.923981e-06
72.503,0.0,212.7736767987482,1.969922e-06
72.503,0.0,212.77327631131215,1.973865e-06
72.503,0.0,212.77284925656338,2.063549e-06
72.503,0.0,212.7724318900249,2.341185e-06
72.503,0.0,212.77203438346854,2.119428e-06
72.503,0.0,212.77163435202613,2.394387e-06
72.503,0.0,212.7712042700778,2.031578e-06
72.503,0.0,212.77078124628676,1.790904e-06
72.503,0.0,212.7703760301838,2.374974e-06
72.503,0.0,212.76994225981878,2.559653e-06
72.503,0.0,212.76954414449904,2.061119e-06
72.503,0.0,212.76911497509434,1.802895e-06
72.503,0.0,212.76867034213586,1.607768e-06
72.503,0.0,212.76825379949503,1.597116e-06
72.503,0.0,212.7678250043312,1.578155e-06
72.503,0.0,212.76742401254782,1.700115e-06
72.503,0.0,212.76698740426272,1.673805e-06
72.503,0.0,212.7665916265662,1.566514e-06
72.503,0.0,212.76615745883905,1.457927e-06
72.503,0.0,212.76573418788595,1.258712e-06
72.503,0.0,212.7653012781139,1.207882e-06
72.503,0.0,212.76489652478867,1.090651e-06
72.503,0.0,212.76449427993433,1.077162e-06
72.503,0.0,212.76406520019546,1.016058e-06
72.503,0.0,212.7636592695812,7.989001e-07
72.503,0.0,212.76324904164827,7.333438e-07
72.503,0.0,212.76283921230595,7.239141e-07
72.503,0.0,212.7624059748327,7.827039e-07
72.503,0.0,212.76200044502713,6.206828e-07
72.503,0.0,212.76158610356362,6.36981e-07
72.503,0.0,212.76115624543328,6.628252e-07
72.503,0.0,212.76073550087546,7.702038e-07
72.503,0.0,212.76032547991926,7.835333e-07
72.503,0.0,212.75990347309306,8.668285e-07
72.503,0.0,212.75948226155532,7.603376e-07
72.503,0.0,212.7590905530975,7.893104e-07
72.503,0.0,212.7586464398972,8.625357e-07
72.503,0.0,212.7582291032037,9.115465e-07
72.503,0.0,212.75778639521866,9.714422e-07
72.503,0.0,212.75736666570234,1.056062e-06
72.503,0.0,212.75696867233776,1.033142e-06
72.503,0.0,212.75653196736843,9.888317e-07
72.503,0.0,212.75613729471524,9.735377e-07
72.503,0.0,212.75569240459328,7.819181e-07
72.503,0.0,212.75528336324192,6.076152e-07
72.503,0.0,212.75484994365667,5.922629e-07
72.503,0.0,212.75445223075263,7.162453e-07
72.503,0.0,212.75405649069344,7.592171e-07
72.503,0.0,212.75360113563215,7.818162e-07
72.503,0.0,212.75321382612472,6.857736e-07
72.503,0.0,212.7528048016061,7.861672e-07
72.503,0.0,212.75237027013506,9.138748e-07
72.503,0.0,212.75198260563653,1.038017e-06
72.503,0.0,212.75155260780167,8.946517e-07
72.503,0.0,212.7511575168526,8.664501e-07
72.503,0.0,212.7507231622376,8.085335e-07
72.503,0.0,212.7503136798432,7.616909e-07
72.503,0.0,212.74988640358097,6.83518e-07
72.503,0.0,212.74946626304816,7.947674e-07
72.503,0.0,212.74904364759684,7.636991e-07
72.503,0.0,212.7486178491351,7.829512e-07
72.503,0.0,212.7481936136071,7.611379e-07
72.503,0.0,212.74776684519648,9.610812e-07
72.503,0.0,212.74734541145722,1.1089e-06
72.503,0.0,212.7469290621527,1.19918e-06
72.503,0.0,212.74651493450313,1.312175e-06
72.503,0.0,212.74609899422623,1.723733e-06
72.503,0.0,212.7456720525667,1.945547e-06
72.503,0.0,212.74526055185262,2.123546e-06
72.503,0.0,212.7448129171871,2.339526e-06
72.503,0.0,212.74440866497602,2.123561e-06
72.503,0.0,212.7440155875611,2.093584e-06
72.503,0.0,212.74358780890614,1.698223e-06
72.503,0.0,212.74318504928186,1.974695e-06
72.503,0.0,212.74276567135752,1.862034e-06
72.503,0.0,212.74236140069817,1.742446e-06
72.503,0.0,212.74193425661758,1.620356e-06
72.503,0.0,212.74153660094765,1.39371e-06
72.503,0.0,212.74112386690095,1.673645e-06
72.503,0.0,212.74069433257102,1.574284e-06
72.503,0.0,212.74026048549868,1.720953e-06
72.503,0.0,212.73982613483028,1.700959e-06
72.503,0.0,212.7394311203839,1.757129e-06
72.503,0.0,212.7390124069102,1.967186e-06
72.503,0.0,212.7385901649967,1.783497e-06
72.503,0.0,212.73816745892574,1.983033e-06
72.503,0.0,212.7377427242363,1.771507e-06
72.503,0.0,212.73731644468802,1.63939e-06
72.503,0.0,212.73689165538352,1.550638e-06
72.503,0.0,212.7364687236114,1.475957e-06
72.503,0.0,212.7360833714401,1.485503e-06
72.503,0.0,212.73565918756128,1.522043e-06
72.503,0.0,212.7352274699221,1.606153e-06
72.503,0.0,212.7347916969893,1.560678e-06
72.503,0.0,212.73439347127123,1.691471e-06
72.503,0.0,212.73396605483654,1.878201e-06
72.503,0.0,212.73358066686748,1.833294e-06
72.503,0.0,212.73315587075354,1.782784e-06
72.503,0.0,212.73273226343582,1.736364e-06
72.503,0.0,212.73230850216217,1.456341e-06
72.503,0.0,212.73192411629609,1.295106e-06
72.503,0.0,212.7314967743719,1.464345e-06
72.503,0.0,212.73107379853016,1.71701e-06
72.503,0.0,212.73067867801836,1.928216e-06
72.503,0.0,212.73024583579246,1.994806e-06
72.503,0.0,212.7298105899725,2.033965e-06
72.503,0.0,212.7293786002241,1.942608e-06
72.503,0.0,212.72898708669243,2.130735e-06
72.503,0.0,212.72856277349626,2.287808e-06
72.503,0.0,212.7281491967597,2.351546e-06
72.503,0.0,212.7277110353795,2.28938e-06
72.503,0.0,212.7272782620333,2.049041e-06
72.503,0.0,212.72687667010888,2.221495e-06
72.503,0.0,212.72644870442437,2.488203e-06
72.503,0.0,212.7260269084244,2.413246e-06
72.503,0.0,212.72563705597162,2.326749e-06
72.503,0.0,212.72520608523735,2.09159e-06
72.503,0.0,212.72477285479494,1.698776e-06
72.503,0.0,212.72436940580104,1.922192e-06
72.503,0.0,212.72394864968237,2.20153e-06
72.503,0.0,212.7235266240187,2.342189e-06
72.503,0.0,212.723136653162,2.270215e-06
72.503,0.0,212.72271555544594,1.855224e-06
72.503,0.0,212.72229487688713,1.95652e-06
72.503,0.0,212.72186925443103,2.714238e-06
72.503,0.0,212.72147835627305,2.860892e-06
72.503,0.0,212.7210524414369,2.9113e-06
72.503,0.0,212.72060303216475,2.716581e-06
72.503,0.0,212.7202130579174,2.647328e-06
72.503,0.0,212.71978500334524,2.661778e-06
72.503,0.0,212.71934846977157,2.729284e-06
72.503,0.0,212.7189388962863,2.792687e-06
72.503,0.0,212.718532388564,2.576024e-06
72.503,0.0,212.71811614175326,2.502769e-06
72.503,0.0,212.71768175958798,2.290384e-06
72.503,0.0,212.71726441441777,2.300498e-06
72.503,0.0,212.71683730027166,2.56054e-06
72.503,0.0,212.71639427206742,2.555666e-06
72.503,0.0,212.71599360916917,2.547546e-06
72.503,0.0,212.71556315354317,2.262532e-06
72.503,0.0,212.71515200902567,1.80713e-06
72.503,0.0,212.71473336065856,1.845488e-06
72.503,0.0,212.71431304726877,1.740656e-06
72.503,0.0,212.71391239792916,1.49275e-06
72.503,0.0,212.71349974091757,1.188659e-06
72.503,0.0,212.71310613913758,1.187334e-06
72.503,0.0,212.71267494901488,1.102424e-06
72.503,0.0,212.71227720146516,9.375799e-07
72.503,0.0,212.7118492439722,8.756469e-07
72.503,0.0,212.71143192045815,8.870848e-07
72.503,0.0,212.71103457842474,8.8464e-07
72.503,0.0,212.71061260174508,9.846553e-07
72.503,0.0,212.7101852097752,1.027191e-06
72.503,0.0,212.70976317319398,8.458592e-07
72.503,0.0,212.70934205851717,7.659255e-07
72.503,0.0,212.70891527300194,6.189221e-07
72.503,0.0,212.70848842050214,5.809998e-07
72.503,0.0,212.70806637982562,6.6754e-07
72.503,0.0,212.7076286804512,6.203627e-07
72.503,0.0,212.7072279931858,5.059264e-07
72.503,0.0,212.70680723165677,4.387693e-07
72.503,0.0,212.7063890679728,3.84287e-07
72.503,0.0,212.70596137670415,3.90457e-07
72.503,0.0,212.705567202174,3.673049e-07
72.503,0.0,212.70511859526323,3.490131e-07
72.503,0.0,212.70472013131698,3.661844e-07
72.503,0.0,212.70429962830164,3.899768e-07
72.503,0.0,212.70390572713137,4.285102e-07
72.503,0.0,212.70347969844306,3.814785e-07
72.503,0.0,212.70306498404443,3.271707e-07
72.503,0.0,212.70262623043348,2.812158e-07
72.503,0.0,212.70223981857475,2.384913e-07
72.503,0.0,212.7017997562006,2.770248e-07
72.503,0.0,212.70140552079093,2.511952e-07
72.503,0.0,212.70098328717162,2.690213e-07
72.503,0.0,212.70056023856344,3.024034e-07
72.503,0.0,212.70016382723307,3.429159e-07
72.503,0.0,212.69973003774442,3.786408e-07
72.503,0.0,212.699297514524,4.152826e-07
72.503,0.0,212.69886618424812,5.171169e-07
72.503,0.0,212.69845727338023,6.024202e-07
72.503,0.0,212.69804520534998,5.514594e-07
72.503,0.0,212.69762955981375,4.738686e-07
72.503,0.0,212.69720684477784,4.576868e-07
72.503,0.0,212.69678394191726,4.77914e-07
72.503,0.0,212.69635973713704,6.337941e-07
72.503,0.0,212.6959294023355,8.758507e-07
72.503,0.0,212.6955119249159,1.048291e-06
72.503,0.0,212.69512285978544,1.12367e-06
72.503,0.0,212.69467659459545,1.278386e-06
72.503,0.0,212.69427985773657,1.285109e-06
72.503,0.0,212.69384140005542,1.426466e-06
72.503,0.0,212.69343708834143,1.309323e-06
72.503,0.0,212.69302504429726,1.261287e-06
72.503,0.0,212.69262342895905,9.738142e-07
72.503,0.0,212.69220083753024,9.51768e-07
72.503,0.0,212.69179270773898,9.171345e-07
72.503,0.0,212.6913628623108,7.891649e-07
72.503,0.0,212.6909705551395,5.912443e-07
72.503,0.0,212.69054063857058,3.980967e-07
72.503,0.0,212.69014943185144,2.872839e-07
72.503,0.0,212.68969390304932,2.315792e-07
72.503,0.0,212.68928191258965,2.081943e-07
72.503,0.0,212.68884667569017,1.855224e-07
72.503,0.0,212.68843102113414,1.860171e-07
72.503,0.0,212.68802313313594,2.013257e-07
72.503,0.0,212.68761387721275,2.10508e-07
72.503,0.0,212.68717993805677,2.455199e-07
72.503,0.0,212.68673713967354,2.806773e-07
72.503,0.0,212.686344884871,3.797177e-07
72.503,0.0,212.68592133415856,6.171467e-07
72.503,0.0,212.685504967843,9.20234e-07
72.503,0.0,212.68507632115544,1.300141e-06
72.503,0.0,212.68468065338854,1.573513e-06
72.503,0.0,212.6842458459886,1.740598e-06
72.503,0.0,212.68384641618928,2.057961e-06
72.503,0.0,212.68340651777143,2.130924e-06
72.503,0.0,212.68300665399062,2.280241e-06
72.503,0.0,212.68259561839648,2.426794e-06
72.503,0.0,212.68217186239713,2.337343e-06
72.503,0.0,212.6817677755509,2.082335e-06
72.503,0.0,212.68133415921253,1.65496e-06
72.503,0.0,212.6809203407233,1.353459e-06
72.503,0.0,212.68051463906104,9.635987e-07
72.503,0.0,212.68010893987176,8.029019e-07
72.503,0.0,212.67967782789262,7.211056e-07
72.503,0.0,212.67924220974413,7.556082e-07
72.503,0.0,212.67883824469587,7.590861e-07
72.503,0.0,212.67837864110643,7.497001e-07
72.503,0.0,212.6779716156274,7.574708e-07
72.503,0.0,212.6775659424654,8.268835e-07
72.503,0.0,212.6771410609943,7.382623e-07
72.503,0.0,212.6767074656097,5.715992e-07
72.503,0.0,212.6762936452184,3.020687e-07
72.503,0.0,212.67586836024273,1.725421e-07
72.503,0.0,212.67544276228867,1.526787e-07
72.503,0.0,212.6750583388725,1.676381e-07
72.503,0.0,212.6746326629204,2.633315e-07
72.503,0.0,212.6742092221079,3.652531e-07
72.503,0.0,212.67379801199147,3.949681e-07
72.503,0.0,212.67336687314457,4.532776e-07
72.503,0.0,212.67298752703567,5.233742e-07
72.503,0.0,212.672564866561,6.204791e-07
72.503,0.0,212.67214060425323,6.386108e-07
72.503,0.0,212.67173809593825,6.388291e-07
72.503,0.0,212.67129108826197,6.93457e-07
72.503,0.0,212.6709077320491,7.566705e-07
72.503,0.0,212.6704821328148,7.152121e-07
72.503,0.0,212.67005415487225,5.466864e-07
72.503,0.0,212.66961792799196,4.257163e-07
72.503,0.0,212.66921610829976,3.30605e-07
72.503,0.0,212.66879583319067,2.107117e-07
72.503,0.0,212.668369786693,1.590815e-07
72.503,0.0,212.667944036135,1.41823e-07
72.503,0.0,212.66751738331726,1.138978e-07
72.503,0.0,212.66712894404426,8.792267e-08
72.503,0.0,212.6666940093066,8.346979e-08
72.503,0.0,212.6662598087734,7.849303e-08
72.503,0.0,212.66586174153454,6.894697e-08
72.503,0.0,212.66544086900936,7.36909e-08
72.503,0.0,212.66501855422987,8.098141e-08
72.503,0.0,212.66459162866263,8.901407e-08
72.503,0.0,212.66419338785224,1.09445e-07
72.503,0.0,212.66375862072337,1.604785e-07
72.503,0.0,212.66335642573583,2.212473e-07
72.503,0.0,212.66293481497308,2.577581e-07
72.503,0.0,212.6625173182072,2.947927e-07
72.503,0.0,212.6621285533124,3.124296e-07
72.503,0.0,212.6616907175827,3.046589e-07
72.503,0.0,212.66128477121046,2.911111e-07
72.503,0.0,212.66086158258344,2.536981e-07
72.503,0.0,212.66042333312953,2.280576e-07
72.503,0.0,212.6600160780056,2.232846e-07
72.503,0.0,212.6595893035481,2.531451e-07
72.503,0.0,212.65918395606946,3.286987e-07
72.503,0.0,212.65875172339437,2.840534e-07
72.503,0.0,212.65833383048232,3.003661e-07
